{
    "variants": {
        "facing=down_z,powered=false": { "model": "redstone/lever_off", "x": 180, "y": 180 },
        "facing=down_x,powered=false": { "model": "redstone/lever_off", "x": 180, "y": 90 },
        "facing=up_z,powered=false": { "model": "redstone/lever_off" },
        "facing=up_x,powered=false": { "model": "redstone/lever_off", "y": 270 },
        "facing=east,powered=false": { "model": "redstone/lever_off", "x": 90, "y": 90 },
        "facing=west,powered=false": { "model": "redstone/lever_off", "x": 90, "y": 270 },
        "facing=south,powered=false" : { "model": "redstone/lever_off", "x": 90, "y": 180 },
        "facing=north,powered=false" : { "model": "redstone/lever_off", "x": 90 },
        "facing=down_z,powered=true" : { "model": "redstone/lever", "x": 180, "y": 180 },
        "facing=down_x,powered=true" : { "model": "redstone/lever", "x": 180, "y": 90 },
        "facing=up_z,powered=true": { "model": "redstone/lever" },
        "facing=up_x,powered=true": { "model": "redstone/lever", "y": 270 },
        "facing=east,powered=true": { "model": "redstone/lever", "x": 90, "y": 90 },
        "facing=west,powered=true": { "model": "redstone/lever", "x": 90, "y": 270 },
        "facing=south,powered=true": { "model": "redstone/lever", "x": 90, "y": 180 },
        "facing=north,powered=true": { "model": "redstone/lever", "x": 90 }
    }
}
